[{"model": "contenttypes.contenttype", "pk": 1, "fields": {"app_label": "admin", "model": "logentry"}}, {"model": "contenttypes.contenttype", "pk": 2, "fields": {"app_label": "auth", "model": "permission"}}, {"model": "contenttypes.contenttype", "pk": 3, "fields": {"app_label": "auth", "model": "group"}}, {"model": "contenttypes.contenttype", "pk": 4, "fields": {"app_label": "auth", "model": "user"}}, {"model": "contenttypes.contenttype", "pk": 5, "fields": {"app_label": "contenttypes", "model": "contenttype"}}, {"model": "contenttypes.contenttype", "pk": 6, "fields": {"app_label": "sessions", "model": "session"}}, {"model": "contenttypes.contenttype", "pk": 7, "fields": {"app_label": "blog", "model": "blogtype"}}, {"model": "contenttypes.contenttype", "pk": 8, "fields": {"app_label": "blog", "model": "blog"}}, {"model": "contenttypes.contenttype", "pk": 9, "fields": {"app_label": "blog", "model": "readnum"}}, {"model": "contenttypes.contenttype", "pk": 10, "fields": {"app_label": "read_statistics", "model": "readnum"}}, {"model": "contenttypes.contenttype", "pk": 11, "fields": {"app_label": "read_statistics", "model": "readdetail"}}, {"model": "contenttypes.contenttype", "pk": 12, "fields": {"app_label": "comment", "model": "comment"}}, {"model": "contenttypes.contenttype", "pk": 13, "fields": {"app_label": "likes", "model": "likecount"}}, {"model": "contenttypes.contenttype", "pk": 14, "fields": {"app_label": "likes", "model": "likerecord"}}, {"model": "contenttypes.contenttype", "pk": 15, "fields": {"app_label": "user", "model": "profile"}}, {"model": "sessions.session", "pk": "1mkwm6gf6bqyzabsdtq1xouw2m96784a", "fields": {"session_data": "ODhmODBhZDM1NDRjNDdjNzYxZmM5NjBhY2Y1ODQ1YWU3NGNlMzFmYzp7Il9hdXRoX3VzZXJfaWQiOiIxIiwiX2F1dGhfdXNlcl9iYWNrZW5kIjoiZGphbmdvLmNvbnRyaWIuYXV0aC5iYWNrZW5kcy5Nb2RlbEJhY2tlbmQiLCJfYXV0aF91c2VyX2hhc2giOiI2M2EwNDBmODVhYjcyZTAxOGFkZDM3YWUyMDdjZjg0NDI1MTgzYWUzIn0=", "expire_date": "2020-04-07T07:10:02.048Z"}}, {"model": "sessions.session", "pk": "33blqm7tp8ci28840m3a7i33jane10cp", "fields": {"session_data": "ODhmODBhZDM1NDRjNDdjNzYxZmM5NjBhY2Y1ODQ1YWU3NGNlMzFmYzp7Il9hdXRoX3VzZXJfaWQiOiIxIiwiX2F1dGhfdXNlcl9iYWNrZW5kIjoiZGphbmdvLmNvbnRyaWIuYXV0aC5iYWNrZW5kcy5Nb2RlbEJhY2tlbmQiLCJfYXV0aF91c2VyX2hhc2giOiI2M2EwNDBmODVhYjcyZTAxOGFkZDM3YWUyMDdjZjg0NDI1MTgzYWUzIn0=", "expire_date": "2020-04-25T10:36:09.156Z"}}, {"model": "sessions.session", "pk": "3yfcn7dh58nz3aumaycx46n8f4s21t85", "fields": {"session_data": "M2U3OTcyYTQwMTAxZjI3MmQ1NWY4NjEyY2UxMmJkNzI5ODg0ZGU3ZTp7fQ==", "expire_date": "2020-03-31T03:45:21.496Z"}}, {"model": "sessions.session", "pk": "6na1kzmunnf34blzl3yos5jm1v4o958t", "fields": {"session_data": "M2U3OTcyYTQwMTAxZjI3MmQ1NWY4NjEyY2UxMmJkNzI5ODg0ZGU3ZTp7fQ==", "expire_date": "2020-03-31T03:45:30.634Z"}}, {"model": "sessions.session", "pk": "7n1k7glu91pnsjvv5nhgsesnbmkc3n9v", "fields": {"session_data": "M2U3OTcyYTQwMTAxZjI3MmQ1NWY4NjEyY2UxMmJkNzI5ODg0ZGU3ZTp7fQ==", "expire_date": "2020-03-31T04:00:30.690Z"}}, {"model": "sessions.session", "pk": "b8muvlo8fgaen8ds3wnt7hddolpnoxbq", "fields": {"session_data": "ODhmODBhZDM1NDRjNDdjNzYxZmM5NjBhY2Y1ODQ1YWU3NGNlMzFmYzp7Il9hdXRoX3VzZXJfaWQiOiIxIiwiX2F1dGhfdXNlcl9iYWNrZW5kIjoiZGphbmdvLmNvbnRyaWIuYXV0aC5iYWNrZW5kcy5Nb2RlbEJhY2tlbmQiLCJfYXV0aF91c2VyX2hhc2giOiI2M2EwNDBmODVhYjcyZTAxOGFkZDM3YWUyMDdjZjg0NDI1MTgzYWUzIn0=", "expire_date": "2020-03-18T08:10:46.701Z"}}, {"model": "sessions.session", "pk": "d9a3o6ymclrtj24l22d8dth7ku7668kf", "fields": {"session_data": "ODhmODBhZDM1NDRjNDdjNzYxZmM5NjBhY2Y1ODQ1YWU3NGNlMzFmYzp7Il9hdXRoX3VzZXJfaWQiOiIxIiwiX2F1dGhfdXNlcl9iYWNrZW5kIjoiZGphbmdvLmNvbnRyaWIuYXV0aC5iYWNrZW5kcy5Nb2RlbEJhY2tlbmQiLCJfYXV0aF91c2VyX2hhc2giOiI2M2EwNDBmODVhYjcyZTAxOGFkZDM3YWUyMDdjZjg0NDI1MTgzYWUzIn0=", "expire_date": "2020-04-07T13:15:30.874Z"}}, {"model": "sessions.session", "pk": "gzrq7yyy34sunk465g8oaesrm3d0zxii", "fields": {"session_data": "M2U3OTcyYTQwMTAxZjI3MmQ1NWY4NjEyY2UxMmJkNzI5ODg0ZGU3ZTp7fQ==", "expire_date": "2020-03-31T03:57:47.619Z"}}, {"model": "sessions.session", "pk": "k3iwrnqsxmhurnuwbwanlmi6p8u49fnc", "fields": {"session_data": "M2U3OTcyYTQwMTAxZjI3MmQ1NWY4NjEyY2UxMmJkNzI5ODg0ZGU3ZTp7fQ==", "expire_date": "2020-03-31T03:57:17.244Z"}}, {"model": "sessions.session", "pk": "ktlc3mzdkxjgucrcj21v6077mpm9chat", "fields": {"session_data": "ODhmODBhZDM1NDRjNDdjNzYxZmM5NjBhY2Y1ODQ1YWU3NGNlMzFmYzp7Il9hdXRoX3VzZXJfaWQiOiIxIiwiX2F1dGhfdXNlcl9iYWNrZW5kIjoiZGphbmdvLmNvbnRyaWIuYXV0aC5iYWNrZW5kcy5Nb2RlbEJhY2tlbmQiLCJfYXV0aF91c2VyX2hhc2giOiI2M2EwNDBmODVhYjcyZTAxOGFkZDM3YWUyMDdjZjg0NDI1MTgzYWUzIn0=", "expire_date": "2020-03-31T06:51:06.382Z"}}, {"model": "sessions.session", "pk": "lrsb7eh81cnvk9e64kxmzild0e44xb87", "fields": {"session_data": "NzRhZDJjNDlkNDQ4NGU5MWMwNjY4NTUwNmE4NTk2NmFkYWVjMGY0Zjp7InNlbmRfY29kZV90aW1lIjoxNTg3MDk0NDA3LCJfYXV0aF91c2VyX2lkIjoiNCIsIl9hdXRoX3VzZXJfYmFja2VuZCI6ImRqYW5nby5jb250cmliLmF1dGguYmFja2VuZHMuTW9kZWxCYWNrZW5kIiwiX2F1dGhfdXNlcl9oYXNoIjoiNmM4MDgzNzNkNTIxYWZjOTJiYmQyYzExNTY0ZDU4MzM1M2ZiMGRmZCJ9", "expire_date": "2020-05-01T03:34:41.421Z"}}, {"model": "sessions.session", "pk": "xnpv8qxipcl0bnsl0izkb35t1njrtcmj", "fields": {"session_data": "M2U3OTcyYTQwMTAxZjI3MmQ1NWY4NjEyY2UxMmJkNzI5ODg0ZGU3ZTp7fQ==", "expire_date": "2020-03-31T04:03:01.157Z"}}, {"model": "blog.blogtype", "pk": 1, "fields": {"type_name": "Django"}}, {"model": "blog.blogtype", "pk": 2, "fields": {"type_name": "\u968f\u7b14"}}, {"model": "blog.blogtype", "pk": 3, "fields": {"type_name": "\u611f\u609f"}}, {"model": "read_statistics.readnum", "pk": 1, "fields": {"read_num": 11, "content_type": 8, "object_id": 36}}, {"model": "read_statistics.readnum", "pk": 2, "fields": {"read_num": 2, "content_type": 8, "object_id": 31}}, {"model": "read_statistics.readnum", "pk": 3, "fields": {"read_num": 2, "content_type": 8, "object_id": 32}}, {"model": "read_statistics.readnum", "pk": 4, "fields": {"read_num": 1, "content_type": 8, "object_id": 33}}, {"model": "read_statistics.readnum", "pk": 5, "fields": {"read_num": 1, "content_type": 8, "object_id": 34}}, {"model": "read_statistics.readnum", "pk": 6, "fields": {"read_num": 4, "content_type": 8, "object_id": 35}}, {"model": "read_statistics.readnum", "pk": 7, "fields": {"read_num": 1, "content_type": 8, "object_id": 30}}, {"model": "read_statistics.readnum", "pk": 8, "fields": {"read_num": 1, "content_type": 8, "object_id": 28}}, {"model": "read_statistics.readnum", "pk": 9, "fields": {"read_num": 1, "content_type": 8, "object_id": 29}}, {"model": "read_statistics.readnum", "pk": 10, "fields": {"read_num": 1, "content_type": 8, "object_id": 27}}, {"model": "read_statistics.readnum", "pk": 11, "fields": {"read_num": 1, "content_type": 8, "object_id": 26}}, {"model": "read_statistics.readnum", "pk": 12, "fields": {"read_num": 1, "content_type": 8, "object_id": 21}}, {"model": "read_statistics.readnum", "pk": 13, "fields": {"read_num": 1, "content_type": 8, "object_id": 20}}, {"model": "read_statistics.readdetail", "pk": 1, "fields": {"date": "2020-03-09", "read_num": 4, "content_type": 8, "object_id": 36}}, {"model": "read_statistics.readdetail", "pk": 2, "fields": {"date": "2020-03-09", "read_num": 5, "content_type": 8, "object_id": 35}}, {"model": "read_statistics.readdetail", "pk": 3, "fields": {"date": "2020-03-10", "read_num": 6, "content_type": 8, "object_id": 36}}, {"model": "read_statistics.readdetail", "pk": 4, "fields": {"date": "2020-03-10", "read_num": 1, "content_type": 8, "object_id": 35}}, {"model": "read_statistics.readdetail", "pk": 5, "fields": {"date": "2020-03-11", "read_num": 1, "content_type": 8, "object_id": 30}}, {"model": "read_statistics.readdetail", "pk": 6, "fields": {"date": "2020-03-11", "read_num": 1, "content_type": 8, "object_id": 31}}, {"model": "read_statistics.readdetail", "pk": 7, "fields": {"date": "2020-03-11", "read_num": 1, "content_type": 8, "object_id": 32}}, {"model": "read_statistics.readdetail", "pk": 8, "fields": {"date": "2020-03-12", "read_num": 1, "content_type": 8, "object_id": 28}}, {"model": "read_statistics.readdetail", "pk": 9, "fields": {"date": "2020-03-12", "read_num": 1, "content_type": 8, "object_id": 29}}, {"model": "read_statistics.readdetail", "pk": 10, "fields": {"date": "2020-03-11", "read_num": 2, "content_type": 8, "object_id": 35}}, {"model": "read_statistics.readdetail", "pk": 11, "fields": {"date": "2020-03-16", "read_num": 1, "content_type": 8, "object_id": 36}}, {"model": "read_statistics.readdetail", "pk": 12, "fields": {"date": "2020-03-22", "read_num": 1, "content_type": 8, "object_id": 27}}, {"model": "read_statistics.readdetail", "pk": 13, "fields": {"date": "2020-03-22", "read_num": 1, "content_type": 8, "object_id": 26}}, {"model": "read_statistics.readdetail", "pk": 14, "fields": {"date": "2020-04-15", "read_num": 1, "content_type": 8, "object_id": 21}}, {"model": "read_statistics.readdetail", "pk": 15, "fields": {"date": "2020-04-15", "read_num": 1, "content_type": 8, "object_id": 20}}, {"model": "likes.likecount", "pk": 1, "fields": {"content_type": 8, "object_id": 35, "liked_num": 0}}, {"model": "likes.likecount", "pk": 2, "fields": {"content_type": 8, "object_id": 36, "liked_num": 0}}, {"model": "likes.likecount", "pk": 3, "fields": {"content_type": 8, "object_id": 34, "liked_num": 1}}, {"model": "likes.likecount", "pk": 4, "fields": {"content_type": 8, "object_id": 33, "liked_num": 1}}, {"model": "likes.likecount", "pk": 5, "fields": {"content_type": 8, "object_id": 32, "liked_num": 0}}, {"model": "likes.likecount", "pk": 6, "fields": {"content_type": 8, "object_id": 31, "liked_num": 1}}, {"model": "likes.likecount", "pk": 7, "fields": {"content_type": 8, "object_id": 30, "liked_num": 0}}, {"model": "likes.likecount", "pk": 8, "fields": {"content_type": 12, "object_id": 22, "liked_num": 0}}, {"model": "likes.likecount", "pk": 9, "fields": {"content_type": 12, "object_id": 26, "liked_num": 1}}, {"model": "likes.likecount", "pk": 10, "fields": {"content_type": 12, "object_id": 27, "liked_num": 0}}, {"model": "likes.likecount", "pk": 11, "fields": {"content_type": 12, "object_id": 25, "liked_num": 0}}, {"model": "likes.likecount", "pk": 12, "fields": {"content_type": 12, "object_id": 23, "liked_num": 0}}, {"model": "likes.likecount", "pk": 13, "fields": {"content_type": 12, "object_id": 24, "liked_num": 0}}, {"model": "likes.likecount", "pk": 14, "fields": {"content_type": 12, "object_id": 16, "liked_num": 0}}, {"model": "likes.likecount", "pk": 15, "fields": {"content_type": 12, "object_id": 19, "liked_num": 0}}, {"model": "likes.likecount", "pk": 16, "fields": {"content_type": 12, "object_id": 20, "liked_num": 0}}, {"model": "likes.likecount", "pk": 17, "fields": {"content_type": 12, "object_id": 15, "liked_num": 0}}, {"model": "likes.likecount", "pk": 18, "fields": {"content_type": 12, "object_id": 14, "liked_num": 0}}, {"model": "likes.likecount", "pk": 19, "fields": {"content_type": 12, "object_id": 13, "liked_num": 0}}, {"model": "likes.likecount", "pk": 20, "fields": {"content_type": 12, "object_id": 12, "liked_num": 0}}, {"model": "likes.likecount", "pk": 21, "fields": {"content_type": 12, "object_id": 11, "liked_num": 0}}, {"model": "likes.likecount", "pk": 22, "fields": {"content_type": 12, "object_id": 10, "liked_num": 0}}, {"model": "likes.likecount", "pk": 23, "fields": {"content_type": 12, "object_id": 9, "liked_num": 0}}, {"model": "likes.likecount", "pk": 24, "fields": {"content_type": 12, "object_id": 8, "liked_num": 0}}, {"model": "likes.likecount", "pk": 25, "fields": {"content_type": 12, "object_id": 7, "liked_num": 0}}, {"model": "likes.likecount", "pk": 26, "fields": {"content_type": 12, "object_id": 6, "liked_num": 0}}, {"model": "likes.likecount", "pk": 27, "fields": {"content_type": 12, "object_id": 5, "liked_num": 0}}, {"model": "likes.likecount", "pk": 28, "fields": {"content_type": 12, "object_id": 4, "liked_num": 0}}, {"model": "likes.likecount", "pk": 29, "fields": {"content_type": 12, "object_id": 2, "liked_num": 0}}, {"model": "likes.likecount", "pk": 30, "fields": {"content_type": 12, "object_id": 29, "liked_num": 1}}, {"model": "likes.likecount", "pk": 31, "fields": {"content_type": 12, "object_id": 28, "liked_num": 0}}, {"model": "likes.likecount", "pk": 32, "fields": {"content_type": 12, "object_id": 17, "liked_num": 0}}, {"model": "likes.likecount", "pk": 33, "fields": {"content_type": 12, "object_id": 31, "liked_num": 1}}, {"model": "likes.likecount", "pk": 34, "fields": {"content_type": 12, "object_id": 30, "liked_num": 0}}, {"model": "likes.likecount", "pk": 35, "fields": {"content_type": 12, "object_id": 32, "liked_num": 0}}, {"model": "likes.likecount", "pk": 36, "fields": {"content_type": 12, "object_id": 33, "liked_num": 0}}, {"model": "likes.likecount", "pk": 37, "fields": {"content_type": 8, "object_id": 22, "liked_num": 0}}, {"model": "likes.likecount", "pk": 38, "fields": {"content_type": 8, "object_id": 21, "liked_num": 0}}, {"model": "likes.likecount", "pk": 39, "fields": {"content_type": 8, "object_id": 20, "liked_num": 0}}, {"model": "likes.likecount", "pk": 40, "fields": {"content_type": 8, "object_id": 19, "liked_num": 0}}, {"model": "likes.likecount", "pk": 41, "fields": {"content_type": 8, "object_id": 18, "liked_num": 0}}, {"model": "likes.likecount", "pk": 42, "fields": {"content_type": 8, "object_id": 17, "liked_num": 0}}, {"model": "likes.likecount", "pk": 43, "fields": {"content_type": 8, "object_id": 16, "liked_num": 0}}, {"model": "likes.likecount", "pk": 44, "fields": {"content_type": 12, "object_id": 35, "liked_num": 0}}, {"model": "likes.likecount", "pk": 45, "fields": {"content_type": 12, "object_id": 34, "liked_num": 0}}, {"model": "auth.permission", "pk": 1, "fields": {"name": "Can add log entry", "content_type": 1, "codename": "add_logentry"}}, {"model": "auth.permission", "pk": 2, "fields": {"name": "Can change log entry", "content_type": 1, "codename": "change_logentry"}}, {"model": "auth.permission", "pk": 3, "fields": {"name": "Can delete log entry", "content_type": 1, "codename": "delete_logentry"}}, {"model": "auth.permission", "pk": 4, "fields": {"name": "Can view log entry", "content_type": 1, "codename": "view_logentry"}}, {"model": "auth.permission", "pk": 5, "fields": {"name": "Can add permission", "content_type": 2, "codename": "add_permission"}}, {"model": "auth.permission", "pk": 6, "fields": {"name": "Can change permission", "content_type": 2, "codename": "change_permission"}}, {"model": "auth.permission", "pk": 7, "fields": {"name": "Can delete permission", "content_type": 2, "codename": "delete_permission"}}, {"model": "auth.permission", "pk": 8, "fields": {"name": "Can view permission", "content_type": 2, "codename": "view_permission"}}, {"model": "auth.permission", "pk": 9, "fields": {"name": "Can add group", "content_type": 3, "codename": "add_group"}}, {"model": "auth.permission", "pk": 10, "fields": {"name": "Can change group", "content_type": 3, "codename": "change_group"}}, {"model": "auth.permission", "pk": 11, "fields": {"name": "Can delete group", "content_type": 3, "codename": "delete_group"}}, {"model": "auth.permission", "pk": 12, "fields": {"name": "Can view group", "content_type": 3, "codename": "view_group"}}, {"model": "auth.permission", "pk": 13, "fields": {"name": "Can add user", "content_type": 4, "codename": "add_user"}}, {"model": "auth.permission", "pk": 14, "fields": {"name": "Can change user", "content_type": 4, "codename": "change_user"}}, {"model": "auth.permission", "pk": 15, "fields": {"name": "Can delete user", "content_type": 4, "codename": "delete_user"}}, {"model": "auth.permission", "pk": 16, "fields": {"name": "Can view user", "content_type": 4, "codename": "view_user"}}, {"model": "auth.permission", "pk": 17, "fields": {"name": "Can add content type", "content_type": 5, "codename": "add_contenttype"}}, {"model": "auth.permission", "pk": 18, "fields": {"name": "Can change content type", "content_type": 5, "codename": "change_contenttype"}}, {"model": "auth.permission", "pk": 19, "fields": {"name": "Can delete content type", "content_type": 5, "codename": "delete_contenttype"}}, {"model": "auth.permission", "pk": 20, "fields": {"name": "Can view content type", "content_type": 5, "codename": "view_contenttype"}}, {"model": "auth.permission", "pk": 21, "fields": {"name": "Can add session", "content_type": 6, "codename": "add_session"}}, {"model": "auth.permission", "pk": 22, "fields": {"name": "Can change session", "content_type": 6, "codename": "change_session"}}, {"model": "auth.permission", "pk": 23, "fields": {"name": "Can delete session", "content_type": 6, "codename": "delete_session"}}, {"model": "auth.permission", "pk": 24, "fields": {"name": "Can view session", "content_type": 6, "codename": "view_session"}}, {"model": "auth.permission", "pk": 25, "fields": {"name": "Can add blog type", "content_type": 7, "codename": "add_blogtype"}}, {"model": "auth.permission", "pk": 26, "fields": {"name": "Can change blog type", "content_type": 7, "codename": "change_blogtype"}}, {"model": "auth.permission", "pk": 27, "fields": {"name": "Can delete blog type", "content_type": 7, "codename": "delete_blogtype"}}, {"model": "auth.permission", "pk": 28, "fields": {"name": "Can view blog type", "content_type": 7, "codename": "view_blogtype"}}, {"model": "auth.permission", "pk": 29, "fields": {"name": "Can add blog", "content_type": 8, "codename": "add_blog"}}, {"model": "auth.permission", "pk": 30, "fields": {"name": "Can change blog", "content_type": 8, "codename": "change_blog"}}, {"model": "auth.permission", "pk": 31, "fields": {"name": "Can delete blog", "content_type": 8, "codename": "delete_blog"}}, {"model": "auth.permission", "pk": 32, "fields": {"name": "Can view blog", "content_type": 8, "codename": "view_blog"}}, {"model": "auth.permission", "pk": 33, "fields": {"name": "Can add read num", "content_type": 9, "codename": "add_readnum"}}, {"model": "auth.permission", "pk": 34, "fields": {"name": "Can change read num", "content_type": 9, "codename": "change_readnum"}}, {"model": "auth.permission", "pk": 35, "fields": {"name": "Can delete read num", "content_type": 9, "codename": "delete_readnum"}}, {"model": "auth.permission", "pk": 36, "fields": {"name": "Can view read num", "content_type": 9, "codename": "view_readnum"}}, {"model": "auth.permission", "pk": 37, "fields": {"name": "Can add read num", "content_type": 10, "codename": "add_readnum"}}, {"model": "auth.permission", "pk": 38, "fields": {"name": "Can change read num", "content_type": 10, "codename": "change_readnum"}}, {"model": "auth.permission", "pk": 39, "fields": {"name": "Can delete read num", "content_type": 10, "codename": "delete_readnum"}}, {"model": "auth.permission", "pk": 40, "fields": {"name": "Can view read num", "content_type": 10, "codename": "view_readnum"}}, {"model": "auth.permission", "pk": 41, "fields": {"name": "Can add read detail", "content_type": 11, "codename": "add_readdetail"}}, {"model": "auth.permission", "pk": 42, "fields": {"name": "Can change read detail", "content_type": 11, "codename": "change_readdetail"}}, {"model": "auth.permission", "pk": 43, "fields": {"name": "Can delete read detail", "content_type": 11, "codename": "delete_readdetail"}}, {"model": "auth.permission", "pk": 44, "fields": {"name": "Can view read detail", "content_type": 11, "codename": "view_readdetail"}}, {"model": "auth.permission", "pk": 45, "fields": {"name": "Can add comment", "content_type": 12, "codename": "add_comment"}}, {"model": "auth.permission", "pk": 46, "fields": {"name": "Can change comment", "content_type": 12, "codename": "change_comment"}}, {"model": "auth.permission", "pk": 47, "fields": {"name": "Can delete comment", "content_type": 12, "codename": "delete_comment"}}, {"model": "auth.permission", "pk": 48, "fields": {"name": "Can view comment", "content_type": 12, "codename": "view_comment"}}, {"model": "auth.permission", "pk": 49, "fields": {"name": "Can add like count", "content_type": 13, "codename": "add_likecount"}}, {"model": "auth.permission", "pk": 50, "fields": {"name": "Can change like count", "content_type": 13, "codename": "change_likecount"}}, {"model": "auth.permission", "pk": 51, "fields": {"name": "Can delete like count", "content_type": 13, "codename": "delete_likecount"}}, {"model": "auth.permission", "pk": 52, "fields": {"name": "Can view like count", "content_type": 13, "codename": "view_likecount"}}, {"model": "auth.permission", "pk": 53, "fields": {"name": "Can add like record", "content_type": 14, "codename": "add_likerecord"}}, {"model": "auth.permission", "pk": 54, "fields": {"name": "Can change like record", "content_type": 14, "codename": "change_likerecord"}}, {"model": "auth.permission", "pk": 55, "fields": {"name": "Can delete like record", "content_type": 14, "codename": "delete_likerecord"}}, {"model": "auth.permission", "pk": 56, "fields": {"name": "Can view like record", "content_type": 14, "codename": "view_likerecord"}}, {"model": "auth.permission", "pk": 57, "fields": {"name": "Can add profile", "content_type": 15, "codename": "add_profile"}}, {"model": "auth.permission", "pk": 58, "fields": {"name": "Can change profile", "content_type": 15, "codename": "change_profile"}}, {"model": "auth.permission", "pk": 59, "fields": {"name": "Can delete profile", "content_type": 15, "codename": "delete_profile"}}, {"model": "auth.permission", "pk": 60, "fields": {"name": "Can view profile", "content_type": 15, "codename": "view_profile"}}, {"model": "auth.user", "pk": 1, "fields": {"password": "pbkdf2_sha256$150000$BJBFLht87OcB$ZOxR/eQou7gcEDi8eDB/zf8shJDPab8bUsm3lFG5KJQ=", "last_login": "2020-04-17T02:40:38.361Z", "is_superuser": true, "username": "potato", "first_name": "", "last_name": "", "email": "851951875@qq.com", "is_staff": true, "is_active": true, "date_joined": "2020-03-04T08:02:00Z", "groups": [], "user_permissions": []}}, {"model": "auth.user", "pk": 2, "fields": {"password": "pbkdf2_sha256$150000$RQE4kvEN6iOg$9McScyuiw7h6RjXY26NrNBp06/Bx1Pp5oIJPRWtMfxk=", "last_login": "2020-04-11T10:21:02.025Z", "is_superuser": false, "username": "potato2", "first_name": "", "last_name": "", "email": "1@qq.com", "is_staff": false, "is_active": true, "date_joined": "2020-03-17T06:26:09.377Z", "groups": [], "user_permissions": []}}, {"model": "auth.user", "pk": 3, "fields": {"password": "pbkdf2_sha256$150000$rWEi5XdZLLIz$A/yGlT6Sx6YuzCOtbgBo+/00Lng6yMJmFk78TzULe+A=", "last_login": "2020-04-11T07:55:24.935Z", "is_superuser": false, "username": "one", "first_name": "", "last_name": "", "email": "one@qq.com", "is_staff": false, "is_active": true, "date_joined": "2020-04-11T07:55:24.539Z", "groups": [], "user_permissions": []}}, {"model": "auth.user", "pk": 4, "fields": {"password": "pbkdf2_sha256$150000$SZ3B09UX1xi8$LLoX1h/Q2QSiNGGwXx9EYbJf8disc8rqjLQCxRtEtjs=", "last_login": "2020-04-17T03:34:41.418Z", "is_superuser": false, "username": "habby", "first_name": "", "last_name": "", "email": "sweetpotatolinjl@gmail.com", "is_staff": false, "is_active": true, "date_joined": "2020-04-17T02:43:41.828Z", "groups": [], "user_permissions": []}}, {"model": "blog.blog", "pk": 1, "fields": {"title": "\u7b2c\u4e00\u7bc7\u535a\u5ba2", "blog_type": 2, "content": "123", "author": 1, "created_time": "2020-03-04T08:13:53.079Z", "last_updated_time": "2020-03-04T08:13:53.079Z"}}, {"model": "blog.blog", "pk": 2, "fields": {"title": "\u7b2c\u4e8c\u7bc7\u535a\u5ba2", "blog_type": 2, "content": "f\u53f8\u673a\u5bb6\u91cc\u9644\u8fd1\u5f00\u4e86\u591a\u5c11\u79ef\u5206 i \u54e6\u5c31\u54e6 if \u53eb\u6211\u53bb\u54e6", "author": 1, "created_time": "2020-03-04T14:40:58.245Z", "last_updated_time": "2020-03-04T14:40:58.245Z"}}, {"model": "blog.blog", "pk": 3, "fields": {"title": "\u957f\u7bc7\u535a\u5ba2", "blog_type": 2, "content": "onemoretimeonemoretimeonemoretimeonemoretimeonemoretimeonemoretimeonemoretimeonemoretimeonemoretimeonemoretimeonemoretimeonemoretimeonemoretimeonemoretimeonemoretimeonemoretimeonemoretimeonemoretimeonemoretimeonemoretimeonemoretimeonemoretimeonemoretimeonemoretimeonemoretimeonemoretimeonemoretimeonemoretimeonemoretimeonemoretimeonemoretimeonemoretimeonemoretimeonemoretimeonemoretimeonemoretimeonemoretimeonemoretimeonemoretimeonemoretimeonemoretimeonemoretimeonemoretimeonemoretimeonemoretimeonemoretimeonemoretimeonemoretimeonemoretimeonemoretimeonemoretimeonemoretimeonemoretimeonemoretimeonemoretimeonemoretimeonemoretimeonemoretimeonemoretimeonemoretimeonemoretimeonemoretimeonemoretimeonemoretimeonemoretimeonemoretimeonemoretimeonemoretimeonemoretimeonemoretimeonemoretimeonemoretimeonemoretimeonemoretimeonemoretimeonemoretimeonemoretimeonemoretimeonemoretimeonemoretimeonemoretimeonemoretimeonemoretimeonemoretimeonemoretimeonemoretimeonemoretimeonemoretimeonemoretimeonemoretimeonemoretimeonemoretimeonemoretimeonemoretimeonemoretimeonemoretimeonemoretimeonemoretimeonemoretimeonemoretimeonemoretimeonemoretimeonemoretimeonemoretimeonemoretimeonemoretimeonemoretimeonemoretimeonemoretimeonemoretimeonemoretime", "author": 1, "created_time": "2020-03-04T14:49:53.556Z", "last_updated_time": "2020-03-04T14:49:53.556Z"}}, {"model": "blog.blog", "pk": 4, "fields": {"title": "django1", "blog_type": 1, "content": "django1django1django1django1django1\u6211\u5f88\u8d5e", "author": 1, "created_time": "2020-03-04T15:16:19.284Z", "last_updated_time": "2020-03-04T15:16:19.284Z"}}, {"model": "blog.blog", "pk": 5, "fields": {"title": "\u611f\u609f123", "blog_type": 3, "content": "\u611f\u609f123\u611f\u609f123\u611f\u609f123\u611f\u609f123", "author": 1, "created_time": "2020-03-04T15:16:34.355Z", "last_updated_time": "2020-03-04T15:16:34.355Z"}}, {"model": "blog.blog", "pk": 6, "fields": {"title": "shell \u4e0b\u7684\u7b2c\u4e00\u7bc7", "blog_type": 1, "content": "xxxxxxxxx", "author": 1, "created_time": "2020-03-07T15:59:35.666Z", "last_updated_time": "2020-03-07T15:59:35.667Z"}}, {"model": "blog.blog", "pk": 7, "fields": {"title": "for 1", "blog_type": 1, "content": "xxxxxx:1", "author": 1, "created_time": "2020-03-07T16:19:15.517Z", "last_updated_time": "2020-03-07T16:19:15.517Z"}}, {"model": "blog.blog", "pk": 8, "fields": {"title": "for 2", "blog_type": 1, "content": "xxxxxx:2", "author": 1, "created_time": "2020-03-07T16:19:15.522Z", "last_updated_time": "2020-03-07T16:19:15.522Z"}}, {"model": "blog.blog", "pk": 9, "fields": {"title": "for 3", "blog_type": 1, "content": "xxxxxx:3", "author": 1, "created_time": "2020-03-07T16:19:15.524Z", "last_updated_time": "2020-03-07T16:19:15.524Z"}}, {"model": "blog.blog", "pk": 10, "fields": {"title": "for 4", "blog_type": 1, "content": "xxxxxx:4", "author": 1, "created_time": "2020-03-07T16:19:15.529Z", "last_updated_time": "2020-03-07T16:19:15.529Z"}}, {"model": "blog.blog", "pk": 11, "fields": {"title": "for 5", "blog_type": 1, "content": "xxxxxx:5", "author": 1, "created_time": "2020-03-07T16:19:15.531Z", "last_updated_time": "2020-03-07T16:19:15.532Z"}}, {"model": "blog.blog", "pk": 12, "fields": {"title": "for 6", "blog_type": 1, "content": "xxxxxx:6", "author": 1, "created_time": "2020-03-07T16:19:15.534Z", "last_updated_time": "2020-03-07T16:19:15.534Z"}}, {"model": "blog.blog", "pk": 13, "fields": {"title": "for 7", "blog_type": 1, "content": "xxxxxx:7", "author": 1, "created_time": "2020-03-07T16:19:15.537Z", "last_updated_time": "2020-03-07T16:19:15.537Z"}}, {"model": "blog.blog", "pk": 14, "fields": {"title": "for 8", "blog_type": 1, "content": "xxxxxx:8", "author": 1, "created_time": "2020-03-07T16:19:15.540Z", "last_updated_time": "2020-03-07T16:19:15.540Z"}}, {"model": "blog.blog", "pk": 15, "fields": {"title": "for 9", "blog_type": 1, "content": "xxxxxx:9", "author": 1, "created_time": "2020-03-07T16:19:15.542Z", "last_updated_time": "2020-03-07T16:19:15.542Z"}}, {"model": "blog.blog", "pk": 16, "fields": {"title": "for 10", "blog_type": 1, "content": "xxxxxx:10", "author": 1, "created_time": "2020-03-07T16:19:15.545Z", "last_updated_time": "2020-03-07T16:19:15.545Z"}}, {"model": "blog.blog", "pk": 17, "fields": {"title": "for 11", "blog_type": 1, "content": "xxxxxx:11", "author": 1, "created_time": "2020-03-07T16:19:15.548Z", "last_updated_time": "2020-03-07T16:19:15.548Z"}}, {"model": "blog.blog", "pk": 18, "fields": {"title": "for 12", "blog_type": 1, "content": "xxxxxx:12", "author": 1, "created_time": "2020-03-07T16:19:15.551Z", "last_updated_time": "2020-03-07T16:19:15.551Z"}}, {"model": "blog.blog", "pk": 19, "fields": {"title": "for 13", "blog_type": 1, "content": "xxxxxx:13", "author": 1, "created_time": "2020-03-07T16:19:15.555Z", "last_updated_time": "2020-03-07T16:19:15.555Z"}}, {"model": "blog.blog", "pk": 20, "fields": {"title": "for 14", "blog_type": 1, "content": "xxxxxx:14", "author": 1, "created_time": "2020-03-07T16:19:15.558Z", "last_updated_time": "2020-03-07T16:19:15.558Z"}}, {"model": "blog.blog", "pk": 21, "fields": {"title": "for 15", "blog_type": 1, "content": "xxxxxx:15", "author": 1, "created_time": "2020-03-07T16:19:15.560Z", "last_updated_time": "2020-03-07T16:19:15.560Z"}}, {"model": "blog.blog", "pk": 22, "fields": {"title": "for 16", "blog_type": 1, "content": "xxxxxx:16", "author": 1, "created_time": "2020-03-07T16:19:15.563Z", "last_updated_time": "2020-03-07T16:19:15.563Z"}}, {"model": "blog.blog", "pk": 23, "fields": {"title": "for 17", "blog_type": 1, "content": "xxxxxx:17", "author": 1, "created_time": "2020-03-07T16:19:15.566Z", "last_updated_time": "2020-03-07T16:19:15.566Z"}}, {"model": "blog.blog", "pk": 24, "fields": {"title": "for 18", "blog_type": 1, "content": "xxxxxx:18", "author": 1, "created_time": "2020-03-07T16:19:15.570Z", "last_updated_time": "2020-03-07T16:19:15.570Z"}}, {"model": "blog.blog", "pk": 25, "fields": {"title": "for 19", "blog_type": 1, "content": "xxxxxx:19", "author": 1, "created_time": "2020-03-07T16:19:15.573Z", "last_updated_time": "2020-03-07T16:19:15.573Z"}}, {"model": "blog.blog", "pk": 26, "fields": {"title": "for 20", "blog_type": 1, "content": "xxxxxx:20", "author": 1, "created_time": "2020-03-07T16:19:15.576Z", "last_updated_time": "2020-03-07T16:19:15.576Z"}}, {"model": "blog.blog", "pk": 27, "fields": {"title": "for 21", "blog_type": 1, "content": "xxxxxx:21", "author": 1, "created_time": "2020-03-07T16:19:15.578Z", "last_updated_time": "2020-03-07T16:19:15.578Z"}}, {"model": "blog.blog", "pk": 28, "fields": {"title": "for 22", "blog_type": 1, "content": "xxxxxx:22", "author": 1, "created_time": "2020-03-07T16:19:15.581Z", "last_updated_time": "2020-03-07T16:19:15.581Z"}}, {"model": "blog.blog", "pk": 29, "fields": {"title": "for 23", "blog_type": 1, "content": "xxxxxx:23", "author": 1, "created_time": "2020-03-07T16:19:15.583Z", "last_updated_time": "2020-03-07T16:19:15.583Z"}}, {"model": "blog.blog", "pk": 30, "fields": {"title": "for 24", "blog_type": 1, "content": "xxxxxx:24", "author": 1, "created_time": "2020-03-07T16:19:15.587Z", "last_updated_time": "2020-03-09T08:55:22.725Z"}}, {"model": "blog.blog", "pk": 31, "fields": {"title": "for 25", "blog_type": 1, "content": "xxxxxx:25", "author": 1, "created_time": "2020-03-07T16:19:15.589Z", "last_updated_time": "2020-03-07T16:19:15.589Z"}}, {"model": "blog.blog", "pk": 32, "fields": {"title": "for 26", "blog_type": 1, "content": "xxxxxx:26", "author": 1, "created_time": "2020-03-07T16:19:15.592Z", "last_updated_time": "2020-03-07T16:19:15.592Z"}}, {"model": "blog.blog", "pk": 33, "fields": {"title": "for 27", "blog_type": 1, "content": "xxxxxx:27", "author": 1, "created_time": "2020-03-07T16:19:15.595Z", "last_updated_time": "2020-03-07T16:19:15.595Z"}}, {"model": "blog.blog", "pk": 34, "fields": {"title": "for 28", "blog_type": 1, "content": "xxxxxx:28", "author": 1, "created_time": "2020-03-07T16:19:15.598Z", "last_updated_time": "2020-03-09T08:55:18.036Z"}}, {"model": "blog.blog", "pk": 35, "fields": {"title": "for 29", "blog_type": 1, "content": "xxxxxx:29", "author": 1, "created_time": "2020-03-07T16:19:15.601Z", "last_updated_time": "2020-03-09T08:54:42.791Z"}}, {"model": "blog.blog", "pk": 36, "fields": {"title": "for 30", "blog_type": 1, "content": "xxxxxx:30", "author": 1, "created_time": "2020-03-07T16:19:15.605Z", "last_updated_time": "2020-03-09T08:47:59.965Z"}}, {"model": "comment.comment", "pk": 2, "fields": {"content_type": 8, "object_id": 36, "text": "234", "comment_time": "2020-03-17T02:23:35.576Z", "user": 1, "root": null, "parent": null, "reply_to": null}}, {"model": "comment.comment", "pk": 4, "fields": {"content_type": 8, "object_id": 36, "text": "34324", "comment_time": "2020-03-17T08:00:55.156Z", "user": 1, "root": null, "parent": null, "reply_to": null}}, {"model": "comment.comment", "pk": 5, "fields": {"content_type": 8, "object_id": 36, "text": "412412", "comment_time": "2020-03-17T08:22:20.767Z", "user": 1, "root": null, "parent": null, "reply_to": null}}, {"model": "comment.comment", "pk": 6, "fields": {"content_type": 8, "object_id": 36, "text": "<p><strong>123123</strong></p>", "comment_time": "2020-03-17T08:55:11.520Z", "user": 1, "root": null, "parent": null, "reply_to": null}}, {"model": "comment.comment", "pk": 7, "fields": {"content_type": 8, "object_id": 36, "text": "<p>678</p>", "comment_time": "2020-03-17T09:20:11.606Z", "user": 1, "root": null, "parent": null, "reply_to": null}}, {"model": "comment.comment", "pk": 8, "fields": {"content_type": 8, "object_id": 36, "text": "<p>789</p>", "comment_time": "2020-03-17T09:22:30.401Z", "user": 1, "root": null, "parent": null, "reply_to": null}}, {"model": "comment.comment", "pk": 9, "fields": {"content_type": 8, "object_id": 36, "text": "<p>899</p>", "comment_time": "2020-03-17T09:28:28.071Z", "user": 1, "root": null, "parent": null, "reply_to": null}}, {"model": "comment.comment", "pk": 10, "fields": {"content_type": 8, "object_id": 36, "text": "<p>0909</p>", "comment_time": "2020-03-17T09:29:41.183Z", "user": 1, "root": null, "parent": null, "reply_to": null}}, {"model": "comment.comment", "pk": 11, "fields": {"content_type": 8, "object_id": 36, "text": "<p>123123</p>", "comment_time": "2020-03-17T09:31:49.375Z", "user": 1, "root": null, "parent": null, "reply_to": null}}, {"model": "comment.comment", "pk": 12, "fields": {"content_type": 8, "object_id": 36, "text": "<p>312</p>", "comment_time": "2020-03-17T09:31:55.847Z", "user": 1, "root": null, "parent": null, "reply_to": null}}, {"model": "comment.comment", "pk": 13, "fields": {"content_type": 8, "object_id": 36, "text": "<p>321321</p>", "comment_time": "2020-03-17T09:32:04.147Z", "user": 1, "root": null, "parent": null, "reply_to": null}}, {"model": "comment.comment", "pk": 14, "fields": {"content_type": 8, "object_id": 36, "text": "<p>321321321</p>", "comment_time": "2020-03-17T09:32:30.595Z", "user": 1, "root": null, "parent": null, "reply_to": null}}, {"model": "comment.comment", "pk": 15, "fields": {"content_type": 8, "object_id": 36, "text": "<p><img alt=\"sad\" height=\"23\" src=\"http://127.0.0.1:8000/static/ckeditor/ckeditor/plugins/smiley/images/sad_smile.png\" title=\"sad\" width=\"23\" /></p>", "comment_time": "2020-03-17T09:42:31.832Z", "user": 1, "root": null, "parent": null, "reply_to": null}}, {"model": "comment.comment", "pk": 16, "fields": {"content_type": 8, "object_id": 36, "text": "<p><img alt=\"wink\" height=\"23\" src=\"http://127.0.0.1:8000/static/ckeditor/ckeditor/plugins/smiley/images/wink_smile.png\" title=\"wink\" width=\"23\" /></p>", "comment_time": "2020-03-17T17:44:00.506Z", "user": 1, "root": null, "parent": null, "reply_to": null}}, {"model": "comment.comment", "pk": 17, "fields": {"content_type": 8, "object_id": 34, "text": "<p>123</p>", "comment_time": "2020-03-18T14:54:55.116Z", "user": 1, "root": null, "parent": null, "reply_to": null}}, {"model": "comment.comment", "pk": 19, "fields": {"content_type": 8, "object_id": 36, "text": "<p>huifu</p>", "comment_time": "2020-03-18T23:30:59.463Z", "user": 1, "root": 16, "parent": 16, "reply_to": 1}}, {"model": "comment.comment", "pk": 20, "fields": {"content_type": 8, "object_id": 36, "text": "<p>onemore</p>", "comment_time": "2020-03-18T23:52:18.871Z", "user": 1, "root": 16, "parent": 16, "reply_to": 1}}, {"model": "comment.comment", "pk": 22, "fields": {"content_type": 8, "object_id": 35, "text": "<p>onemore</p>", "comment_time": "2020-03-23T22:23:20.702Z", "user": 1, "root": null, "parent": null, "reply_to": null}}, {"model": "comment.comment", "pk": 23, "fields": {"content_type": 8, "object_id": 36, "text": "<p>diertiao</p>\r\n\r\n<p>&nbsp;</p>", "comment_time": "2020-03-23T14:41:42.560Z", "user": 1, "root": null, "parent": null, "reply_to": null}}, {"model": "comment.comment", "pk": 24, "fields": {"content_type": 8, "object_id": 36, "text": "<p>onemore</p>", "comment_time": "2020-03-23T14:41:47.363Z", "user": 1, "root": 23, "parent": 23, "reply_to": 1}}, {"model": "comment.comment", "pk": 25, "fields": {"content_type": 8, "object_id": 36, "text": "<p>disantiao</p>", "comment_time": "2020-03-23T15:16:47.905Z", "user": 1, "root": null, "parent": null, "reply_to": null}}, {"model": "comment.comment", "pk": 26, "fields": {"content_type": 8, "object_id": 36, "text": "<p>asfsdafsad</p>", "comment_time": "2020-03-23T15:25:23.864Z", "user": 1, "root": null, "parent": null, "reply_to": null}}, {"model": "comment.comment", "pk": 27, "fields": {"content_type": 8, "object_id": 36, "text": "<p>pinglun</p>", "comment_time": "2020-03-24T06:27:59.822Z", "user": 1, "root": 26, "parent": 26, "reply_to": 1}}, {"model": "comment.comment", "pk": 28, "fields": {"content_type": 8, "object_id": 35, "text": "<p>onemoretime</p>", "comment_time": "2020-03-24T12:55:50.227Z", "user": 1, "root": 22, "parent": 22, "reply_to": 1}}, {"model": "comment.comment", "pk": 29, "fields": {"content_type": 8, "object_id": 35, "text": "<p>123123</p>", "comment_time": "2020-03-24T12:55:55.109Z", "user": 1, "root": null, "parent": null, "reply_to": null}}, {"model": "comment.comment", "pk": 30, "fields": {"content_type": 8, "object_id": 33, "text": "<p>123123</p>", "comment_time": "2020-04-10T09:40:15.701Z", "user": 1, "root": null, "parent": null, "reply_to": null}}, {"model": "comment.comment", "pk": 31, "fields": {"content_type": 8, "object_id": 33, "text": "<p>onemoretime</p>", "comment_time": "2020-04-10T09:40:21.981Z", "user": 1, "root": 30, "parent": 30, "reply_to": 1}}, {"model": "comment.comment", "pk": 32, "fields": {"content_type": 8, "object_id": 36, "text": "<p>test</p>\r\n\r\n<p>&nbsp;</p>", "comment_time": "2020-04-11T08:36:17.538Z", "user": 1, "root": 26, "parent": 27, "reply_to": 1}}, {"model": "comment.comment", "pk": 33, "fields": {"content_type": 8, "object_id": 36, "text": "<p>test</p>\r\n\r\n<p>&nbsp;</p>\r\n\r\n<p>test</p>", "comment_time": "2020-04-11T08:37:16.936Z", "user": 1, "root": 26, "parent": 32, "reply_to": 1}}, {"model": "comment.comment", "pk": 34, "fields": {"content_type": 8, "object_id": 36, "text": "<p>onemoretime</p>", "comment_time": "2020-04-17T07:21:46.895Z", "user": 4, "root": null, "parent": null, "reply_to": null}}, {"model": "comment.comment", "pk": 35, "fields": {"content_type": 8, "object_id": 36, "text": "<p>onetwomore</p>", "comment_time": "2020-04-17T07:26:52.420Z", "user": 4, "root": null, "parent": null, "reply_to": null}}, {"model": "comment.comment", "pk": 36, "fields": {"content_type": 8, "object_id": 36, "text": "<p>test</p>", "comment_time": "2020-04-17T07:41:07.593Z", "user": 4, "root": null, "parent": null, "reply_to": null}}, {"model": "likes.likerecord", "pk": 19, "fields": {"content_type": 8, "object_id": 35, "user": 1, "liked_time": "2020-03-24T12:55:30.975Z"}}, {"model": "likes.likerecord", "pk": 20, "fields": {"content_type": 12, "object_id": 29, "user": 1, "liked_time": "2020-03-24T12:55:59.376Z"}}, {"model": "likes.likerecord", "pk": 21, "fields": {"content_type": 12, "object_id": 22, "user": 1, "liked_time": "2020-03-24T13:15:35.231Z"}}, {"model": "likes.likerecord", "pk": 22, "fields": {"content_type": 8, "object_id": 33, "user": 1, "liked_time": "2020-04-10T07:18:30.546Z"}}, {"model": "likes.likerecord", "pk": 23, "fields": {"content_type": 8, "object_id": 34, "user": 1, "liked_time": "2020-04-10T07:18:38.568Z"}}, {"model": "likes.likerecord", "pk": 24, "fields": {"content_type": 8, "object_id": 31, "user": 1, "liked_time": "2020-04-10T07:18:43.064Z"}}, {"model": "likes.likerecord", "pk": 26, "fields": {"content_type": 12, "object_id": 26, "user": 1, "liked_time": "2020-04-10T09:36:07.585Z"}}, {"model": "likes.likerecord", "pk": 27, "fields": {"content_type": 12, "object_id": 31, "user": 1, "liked_time": "2020-04-10T09:40:24.567Z"}}, {"model": "user.profile", "pk": 1, "fields": {"user": 1, "nickname": "\u5927\u756a\u85af"}}, {"model": "admin.logentry", "pk": 1, "fields": {"action_time": "2020-03-04T08:12:01.057Z", "user": 1, "content_type": 7, "object_id": "1", "object_repr": "BlogType object (1)", "action_flag": 1, "change_message": "[{\"added\": {}}]"}}, {"model": "admin.logentry", "pk": 2, "fields": {"action_time": "2020-03-04T08:12:09.898Z", "user": 1, "content_type": 7, "object_id": "2", "object_repr": "BlogType object (2)", "action_flag": 1, "change_message": "[{\"added\": {}}]"}}, {"model": "admin.logentry", "pk": 3, "fields": {"action_time": "2020-03-04T08:12:13.658Z", "user": 1, "content_type": 7, "object_id": "3", "object_repr": "BlogType object (3)", "action_flag": 1, "change_message": "[{\"added\": {}}]"}}, {"model": "admin.logentry", "pk": 4, "fields": {"action_time": "2020-03-04T08:13:53.084Z", "user": 1, "content_type": 8, "object_id": "1", "object_repr": "<Blog: \u7b2c\u4e00\u7bc7\u535a\u5ba2>", "action_flag": 1, "change_message": "[{\"added\": {}}]"}}, {"model": "admin.logentry", "pk": 5, "fields": {"action_time": "2020-03-04T14:40:58.255Z", "user": 1, "content_type": 8, "object_id": "2", "object_repr": "<Blog: \u7b2c\u4e8c\u7bc7\u535a\u5ba2>", "action_flag": 1, "change_message": "[{\"added\": {}}]"}}, {"model": "admin.logentry", "pk": 6, "fields": {"action_time": "2020-03-04T14:49:53.558Z", "user": 1, "content_type": 8, "object_id": "3", "object_repr": "<Blog: \u957f\u7bc7\u535a\u5ba2>", "action_flag": 1, "change_message": "[{\"added\": {}}]"}}, {"model": "admin.logentry", "pk": 7, "fields": {"action_time": "2020-03-04T15:16:19.294Z", "user": 1, "content_type": 8, "object_id": "4", "object_repr": "<Blog: django1>", "action_flag": 1, "change_message": "[{\"added\": {}}]"}}, {"model": "admin.logentry", "pk": 8, "fields": {"action_time": "2020-03-04T15:16:34.357Z", "user": 1, "content_type": 8, "object_id": "5", "object_repr": "<Blog: \u611f\u609f123>", "action_flag": 1, "change_message": "[{\"added\": {}}]"}}, {"model": "admin.logentry", "pk": 9, "fields": {"action_time": "2020-03-09T14:23:17.285Z", "user": 1, "content_type": 9, "object_id": "1", "object_repr": "ReadNum object (1)", "action_flag": 1, "change_message": "[{\"added\": {}}]"}}, {"model": "admin.logentry", "pk": 10, "fields": {"action_time": "2020-03-10T06:02:05.118Z", "user": 1, "content_type": 10, "object_id": "1", "object_repr": "ReadNum object (1)", "action_flag": 1, "change_message": "[{\"added\": {}}]"}}, {"model": "admin.logentry", "pk": 11, "fields": {"action_time": "2020-03-10T08:52:06.787Z", "user": 1, "content_type": 11, "object_id": "1", "object_repr": "ReadDetail object (1)", "action_flag": 1, "change_message": "[{\"added\": {}}]"}}, {"model": "admin.logentry", "pk": 12, "fields": {"action_time": "2020-03-10T09:03:15.112Z", "user": 1, "content_type": 11, "object_id": "2", "object_repr": "ReadDetail object (2)", "action_flag": 1, "change_message": "[{\"added\": {}}]"}}, {"model": "admin.logentry", "pk": 13, "fields": {"action_time": "2020-03-10T09:03:44.446Z", "user": 1, "content_type": 11, "object_id": "3", "object_repr": "ReadDetail object (3)", "action_flag": 1, "change_message": "[{\"added\": {}}]"}}, {"model": "admin.logentry", "pk": 14, "fields": {"action_time": "2020-03-12T10:06:17.749Z", "user": 1, "content_type": 11, "object_id": "10", "object_repr": "ReadDetail object (10)", "action_flag": 1, "change_message": "[{\"added\": {}}]"}}, {"model": "admin.logentry", "pk": 15, "fields": {"action_time": "2020-03-12T10:06:41.053Z", "user": 1, "content_type": 10, "object_id": "6", "object_repr": "ReadNum object (6)", "action_flag": 2, "change_message": "[{\"changed\": {\"fields\": [\"read_num\"]}}]"}}, {"model": "admin.logentry", "pk": 16, "fields": {"action_time": "2020-03-17T02:31:00.088Z", "user": 1, "content_type": 12, "object_id": "3", "object_repr": "Comment object (3)", "action_flag": 3, "change_message": ""}}, {"model": "admin.logentry", "pk": 17, "fields": {"action_time": "2020-03-18T15:26:15.146Z", "user": 1, "content_type": 12, "object_id": "18", "object_repr": "12312312312321", "action_flag": 1, "change_message": "[{\"added\": {}}]"}}, {"model": "admin.logentry", "pk": 18, "fields": {"action_time": "2020-03-18T15:50:16.162Z", "user": 1, "content_type": 12, "object_id": "18", "object_repr": "12312312312321", "action_flag": 2, "change_message": "[{\"changed\": {\"fields\": [\"root\", \"reply_to\"]}}]"}}, {"model": "admin.logentry", "pk": 19, "fields": {"action_time": "2020-03-24T06:57:54.980Z", "user": 1, "content_type": 12, "object_id": "1", "object_repr": "123", "action_flag": 3, "change_message": ""}}, {"model": "admin.logentry", "pk": 20, "fields": {"action_time": "2020-03-24T07:03:22.292Z", "user": 1, "content_type": 12, "object_id": "1", "object_repr": "123", "action_flag": 3, "change_message": ""}}, {"model": "admin.logentry", "pk": 21, "fields": {"action_time": "2020-04-11T07:40:40.471Z", "user": 1, "content_type": 15, "object_id": "1", "object_repr": "<Profile: \u6797\u5609\u4e50 for potato>", "action_flag": 1, "change_message": "[{\"added\": {}}]"}}, {"model": "admin.logentry", "pk": 22, "fields": {"action_time": "2020-04-11T10:31:02.088Z", "user": 1, "content_type": 4, "object_id": "1", "object_repr": "potato", "action_flag": 2, "change_message": "[{\"changed\": {\"fields\": [\"email\", \"last_login\"]}}]"}}]